{"Mean":{"confidence_interval":{"confidence_level":0.95,"lower_bound":0.06571814202533927,"upper_bound":0.14191737838692736},"point_estimate":0.1024589042009425,"standard_error":0.019810509592840458},"Median":{"confidence_interval":{"confidence_level":0.95,"lower_bound":0.02492724107076283,"upper_bound":0.13918023645354594},"point_estimate":0.056320117559574,"standard_error":0.03113645477683807}}