{"Mean":{"confidence_interval":{"confidence_level":0.95,"lower_bound":192670805.74212968,"upper_bound":204149255.84673628},"point_estimate":198164033.91212496,"standard_error":2948169.037877505},"Median":{"confidence_interval":{"confidence_level":0.95,"lower_bound":188474294.46428573,"upper_bound":205547112.52192983},"point_estimate":192939412.4212963,"standard_error":4647784.5058050705},"MedianAbsDev":{"confidence_interval":{"confidence_level":0.95,"lower_bound":3973035.0014367416,"upper_bound":21147389.21980878},"point_estimate":10388040.958765402,"standard_error":4510351.994688721},"Slope":{"confidence_interval":{"confidence_level":0.95,"lower_bound":189421467.85769314,"upper_bound":199607479.19679967},"point_estimate":193822555.42520326,"standard_error":2606790.2840444674},"StdDev":{"confidence_interval":{"confidence_level":0.95,"lower_bound":8909359.799753044,"upper_bound":16389342.93024965},"point_estimate":13511400.690778172,"standard_error":1907437.965914493}}