{"Mean":{"confidence_interval":{"confidence_level":0.95,"lower_bound":86083648.98449297,"upper_bound":87341671.06309035},"point_estimate":86702026.76333925,"standard_error":320797.6043290027},"Median":{"confidence_interval":{"confidence_level":0.95,"lower_bound":86203290.77380952,"upper_bound":86988668.66666667},"point_estimate":86551996.79166666,"standard_error":226620.47025222966},"MedianAbsDev":{"confidence_interval":{"confidence_level":0.95,"lower_bound":3097123.4831757126,"upper_bound":4517103.459914481},"point_estimate":3998672.439729568,"standard_error":345381.23863797484},"Slope":{"confidence_interval":{"confidence_level":0.95,"lower_bound":84917634.49449334,"upper_bound":86543601.13304085},"point_estimate":85707479.36155164,"standard_error":415194.913326962},"StdDev":{"confidence_interval":{"confidence_level":0.95,"lower_bound":2748659.4054633793,"upper_bound":3654473.6386877913},"point_estimate":3226362.829361204,"standard_error":230768.2402733156}}